{
    "Logistic Regression": {
        "accuracy": 0.7264150943396226,
        "precision": 0.559322033898305,
        "recall": 0.9166666666666666,
        "f1": 0.6947368421052632
    },
    "KNN": {
        "accuracy": 0.7830188679245284,
        "precision": 0.6857142857142857,
        "recall": 0.6666666666666666,
        "f1": 0.676056338028169
    },
    "SVM": {
        "accuracy": 0.7641509433962265,
        "precision": 0.6078431372549019,
        "recall": 0.8611111111111112,
        "f1": 0.7126436781609196
    },
    "Decision Tree": {
        "accuracy": 0.6886792452830188,
        "precision": 0.5254237288135594,
        "recall": 0.8611111111111112,
        "f1": 0.6526315789473685
    },
    "Random Forest": {
        "accuracy": 0.7641509433962265,
        "precision": 0.6078431372549019,
        "recall": 0.8611111111111112,
        "f1": 0.7126436781609196
    },
    "AdaBoost": {
        "accuracy": 0.8018867924528302,
        "precision": 0.7027027027027027,
        "recall": 0.7222222222222222,
        "f1": 0.7123287671232876
    },
    "Gaussian NB": {
        "accuracy": 0.7924528301886793,
        "precision": 0.6666666666666666,
        "recall": 0.7777777777777778,
        "f1": 0.717948717948718
    }
}