{
    "train_test": {
        "Logistic Regression": {
            "accuracy": 0.7830188679245284,
            "precision": 0.7096774193548387,
            "recall": 0.6111111111111112,
            "f1": 0.6567164179104478
        },
        "KNN": {
            "accuracy": 0.8018867924528302,
            "precision": 0.6744186046511628,
            "recall": 0.8055555555555556,
            "f1": 0.7341772151898734
        },
        "SVM": {
            "accuracy": 0.7924528301886793,
            "precision": 0.71875,
            "recall": 0.6388888888888888,
            "f1": 0.6764705882352942
        },
        "Decision Tree": {
            "accuracy": 0.660377358490566,
            "precision": 0.5,
            "recall": 0.6111111111111112,
            "f1": 0.55
        },
        "Random Forest": {
            "accuracy": 0.7358490566037735,
            "precision": 0.5952380952380952,
            "recall": 0.6944444444444444,
            "f1": 0.6410256410256411
        },
        "AdaBoost": {
            "accuracy": 0.7641509433962265,
            "precision": 0.6666666666666666,
            "recall": 0.6111111111111112,
            "f1": 0.6376811594202898
        },
        "Gaussian NB": {
            "accuracy": 0.7924528301886793,
            "precision": 0.6666666666666666,
            "recall": 0.7777777777777778,
            "f1": 0.717948717948718
        }
    },
    "cross_validation": {
        "Logistic Regression": {
            "cv_accuracy": 0.768148893360161,
            "cv_precision": 0.705891265597148,
            "cv_recall": 0.542391304347826,
            "cv_f1": 0.6108780108780107
        },
        "KNN": {
            "cv_accuracy": 0.7509859154929577,
            "cv_precision": 0.6538959710167142,
            "cv_recall": 0.559963768115942,
            "cv_f1": 0.5981260282005694
        },
        "SVM": {
            "cv_accuracy": 0.7611267605633802,
            "cv_precision": 0.7482860276977924,
            "cv_recall": 0.4454710144927536,
            "cv_f1": 0.5521627169259882
        },
        "Decision Tree": {
            "cv_accuracy": 0.6842454728370222,
            "cv_precision": 0.5302948576976038,
            "cv_recall": 0.5255434782608697,
            "cv_f1": 0.5259033281755339
        },
        "Random Forest": {
            "cv_accuracy": 0.756841046277666,
            "cv_precision": 0.6611152672651528,
            "cv_recall": 0.5811594202898551,
            "cv_f1": 0.6135855431884625
        },
        "AdaBoost": {
            "cv_accuracy": 0.7540241448692153,
            "cv_precision": 0.669277699596585,
            "cv_recall": 0.5393115942028984,
            "cv_f1": 0.5915281990787553
        },
        "Gaussian NB": {
            "cv_accuracy": 0.7553521126760563,
            "cv_precision": 0.6492592956915209,
            "cv_recall": 0.6027173913043479,
            "cv_f1": 0.6224799922049706
        }
    }
}