{
    "Logistic Regression": {
        "accuracy": 0.7169811320754716,
        "precision": 0.5517241379310345,
        "recall": 0.8888888888888888,
        "f1": 0.6808510638297872
    },
    "KNN": {
        "accuracy": 0.7264150943396226,
        "precision": 0.5714285714285714,
        "recall": 0.7777777777777778,
        "f1": 0.6588235294117647
    },
    "SVM": {
        "accuracy": 0.7547169811320755,
        "precision": 0.6,
        "recall": 0.8333333333333334,
        "f1": 0.6976744186046512
    },
    "Decision Tree": {
        "accuracy": 0.6886792452830188,
        "precision": 0.5283018867924528,
        "recall": 0.7777777777777778,
        "f1": 0.6292134831460674
    },
    "Random Forest": {
        "accuracy": 0.7452830188679245,
        "precision": 0.5957446808510638,
        "recall": 0.7777777777777778,
        "f1": 0.6746987951807228
    },
    "AdaBoost": {
        "accuracy": 0.6981132075471698,
        "precision": 0.5370370370370371,
        "recall": 0.8055555555555556,
        "f1": 0.6444444444444445
    },
    "Gaussian NB": {
        "accuracy": 0.7641509433962265,
        "precision": 0.6,
        "recall": 0.9166666666666666,
        "f1": 0.7252747252747253
    }
}