{
    "methodology": {
        "description": "Nested CV with Random Oversampling applied inside each fold",
        "outer_cv": "10-fold stratified (for performance estimation)",
        "inner_cv": "5-fold stratified (for hyperparameter tuning)",
        "oversampling": "Random Oversampling applied fresh in each fold (no data leakage)",
        "scoring": "F1 score for tuning, multiple metrics for evaluation"
    },
    "models": {
        "Logistic Regression": {
            "test_accuracy_mean": 0.7467605633802817,
            "test_accuracy_std": 0.042337484842860144,
            "test_precision_mean": 0.5917792404655259,
            "test_precision_std": 0.05145512196178198,
            "test_recall_mean": 0.796195652173913,
            "test_recall_std": 0.07478286323122618,
            "test_f1_mean": 0.678067885599646,
            "test_f1_std": 0.055786531813567006,
            "train_accuracy_mean": 0.7436396404503369,
            "train_f1_mean": 0.6748810987368192,
            "fold_f1_scores": [
                0.7241379310344828,
                0.631578947368421,
                0.7368421052631579,
                0.6923076923076923,
                0.7142857142857143,
                0.7037037037037037,
                0.6538461538461539,
                0.5555555555555556,
                0.7368421052631579,
                0.631578947368421
            ]
        },
        "KNN": {
            "test_accuracy_mean": 0.7269818913480884,
            "test_accuracy_std": 0.04393625887479011,
            "test_precision_mean": 0.5711833318952341,
            "test_precision_std": 0.05195187167769387,
            "test_recall_mean": 0.7719202898550724,
            "test_recall_std": 0.07484953926825767,
            "test_f1_mean": 0.6549959437093359,
            "test_f1_std": 0.05169408280363567,
            "train_accuracy_mean": 0.8922280880676704,
            "train_f1_mean": 0.8626739926510002,
            "fold_f1_scores": [
                0.6557377049180327,
                0.631578947368421,
                0.6181818181818182,
                0.6181818181818182,
                0.6415094339622641,
                0.7058823529411765,
                0.6415094339622641,
                0.5964912280701754,
                0.7857142857142857,
                0.6551724137931034
            ]
        },
        "SVM": {
            "test_accuracy_mean": 0.7525553319919517,
            "test_accuracy_std": 0.04889177034949139,
            "test_precision_mean": 0.5998834937200687,
            "test_precision_std": 0.05677217107405353,
            "test_recall_mean": 0.7967391304347826,
            "test_recall_std": 0.08275159265510557,
            "test_f1_mean": 0.6834265430310056,
            "test_f1_std": 0.062347780725721974,
            "train_accuracy_mean": 0.7773026776251325,
            "train_f1_mean": 0.7151788370089198,
            "fold_f1_scores": [
                0.6896551724137931,
                0.5862068965517241,
                0.75,
                0.6666666666666666,
                0.7142857142857143,
                0.7058823529411765,
                0.6666666666666666,
                0.5882352941176471,
                0.8,
                0.6666666666666666
            ]
        },
        "Decision Tree": {
            "test_accuracy_mean": 0.7424748490945674,
            "test_accuracy_std": 0.0537299032339375,
            "test_precision_mean": 0.5953193784339502,
            "test_precision_std": 0.0724336459194744,
            "test_recall_mean": 0.7547101449275362,
            "test_recall_std": 0.09611424951744908,
            "test_f1_mean": 0.6627125611185549,
            "test_f1_std": 0.06961508109717456,
            "train_accuracy_mean": 0.811126942228088,
            "train_f1_mean": 0.7551739660716406,
            "fold_f1_scores": [
                0.711864406779661,
                0.631578947368421,
                0.6956521739130435,
                0.7037037037037037,
                0.6666666666666666,
                0.52,
                0.7169811320754716,
                0.6296296296296297,
                0.7692307692307693,
                0.5818181818181818
            ]
        },
        "Random Forest": {
            "test_accuracy_mean": 0.7638229376257545,
            "test_accuracy_std": 0.05093737714582381,
            "test_precision_mean": 0.6358563258053513,
            "test_precision_std": 0.0685308020063634,
            "test_recall_mean": 0.6952898550724638,
            "test_recall_std": 0.09609239388292293,
            "test_f1_mean": 0.6627632558039939,
            "test_f1_std": 0.07669864952491526,
            "train_accuracy_mean": 0.9369295798588195,
            "train_f1_mean": 0.9113108415909554,
            "fold_f1_scores": [
                0.7307692307692307,
                0.5490196078431373,
                0.7755102040816326,
                0.5333333333333333,
                0.6538461538461539,
                0.6938775510204082,
                0.7083333333333334,
                0.6,
                0.7307692307692307,
                0.6521739130434783
            ]
        },
        "AdaBoost": {
            "test_accuracy_mean": 0.7339235412474849,
            "test_accuracy_std": 0.04769682957032777,
            "test_precision_mean": 0.5841473835355926,
            "test_precision_std": 0.05493094281455931,
            "test_recall_mean": 0.7501811594202897,
            "test_recall_std": 0.0650332040795334,
            "test_f1_mean": 0.6550599539663918,
            "test_f1_std": 0.051474490641632925,
            "train_accuracy_mean": 0.7828356530085787,
            "train_f1_mean": 0.7150810850650376,
            "fold_f1_scores": [
                0.6545454545454545,
                0.6666666666666666,
                0.7272727272727273,
                0.5490196078431373,
                0.6909090909090909,
                0.6415094339622641,
                0.6938775510204082,
                0.5806451612903226,
                0.6923076923076923,
                0.6538461538461539
            ]
        },
        "Gaussian NB": {
            "test_accuracy_mean": 0.7467002012072435,
            "test_accuracy_std": 0.05526320582656873,
            "test_precision_mean": 0.6006717666165663,
            "test_precision_std": 0.07369097496068366,
            "test_recall_mean": 0.741123188405797,
            "test_recall_std": 0.0928747298700524,
            "test_f1_mean": 0.6622100903274453,
            "test_f1_std": 0.07545133270284128,
            "train_accuracy_mean": 0.7480645209670647,
            "train_f1_mean": 0.663944380278921,
            "fold_f1_scores": [
                0.7368421052631579,
                0.5660377358490566,
                0.7843137254901961,
                0.6274509803921569,
                0.6785714285714286,
                0.72,
                0.64,
                0.5490196078431373,
                0.7272727272727273,
                0.5925925925925926
            ]
        },
        "XGBoost": {
            "test_accuracy_mean": 0.745271629778672,
            "test_accuracy_std": 0.04385967165198958,
            "test_precision_mean": 0.6012226415028139,
            "test_precision_std": 0.05587024066544253,
            "test_recall_mean": 0.7204710144927535,
            "test_recall_std": 0.07439919863979765,
            "test_f1_mean": 0.6547433153554924,
            "test_f1_std": 0.0601996485037529,
            "train_accuracy_mean": 0.823455966164737,
            "train_f1_mean": 0.7666136100020352,
            "fold_f1_scores": [
                0.7407407407407407,
                0.6037735849056604,
                0.72,
                0.52,
                0.6785714285714286,
                0.6415094339622641,
                0.6938775510204082,
                0.6415094339622641,
                0.68,
                0.6274509803921569
            ]
        }
    }
}