{
    "methodology": {
        "description": "Nested CV with SMOTE applied inside each fold",
        "outer_cv": "10-fold stratified (for performance estimation)",
        "inner_cv": "5-fold stratified (for hyperparameter tuning)",
        "oversampling": "SMOTE applied fresh in each fold (no data leakage)",
        "scoring": "F1 score for tuning, multiple metrics for evaluation"
    },
    "models": {
        "Logistic Regression": {
            "test_accuracy_mean": 0.7353722334004024,
            "test_accuracy_std": 0.04058762569455516,
            "test_precision_mean": 0.5807117780315123,
            "test_precision_std": 0.050414479717580826,
            "test_recall_mean": 0.7572463768115941,
            "test_recall_std": 0.08421088041192867,
            "test_f1_mean": 0.656449108339783,
            "test_f1_std": 0.05957557876496227,
            "train_accuracy_mean": 0.7458503309536664,
            "train_f1_mean": 0.6759513856816186,
            "fold_f1_scores": [
                0.711864406779661,
                0.6206896551724138,
                0.7368421052631579,
                0.6666666666666666,
                0.7142857142857143,
                0.6909090909090909,
                0.6666666666666666,
                0.5660377358490566,
                0.6415094339622641,
                0.5490196078431373
            ]
        },
        "KNN": {
            "test_accuracy_mean": 0.7311468812877264,
            "test_accuracy_std": 0.0435266472841724,
            "test_precision_mean": 0.5776370531935948,
            "test_precision_std": 0.04899242494010775,
            "test_recall_mean": 0.758876811594203,
            "test_recall_std": 0.08635225583501963,
            "test_f1_mean": 0.6540300850664582,
            "test_f1_std": 0.05396624579930901,
            "train_accuracy_mean": 0.8776578778970944,
            "train_f1_mean": 0.84320336024008,
            "fold_f1_scores": [
                0.6896551724137931,
                0.6551724137931034,
                0.6415094339622641,
                0.6071428571428571,
                0.6440677966101694,
                0.6122448979591837,
                0.6938775510204082,
                0.6071428571428571,
                0.7857142857142857,
                0.6037735849056604
            ]
        },
        "SVM": {
            "test_accuracy_mean": 0.7496780684104627,
            "test_accuracy_std": 0.04008000310816401,
            "test_precision_mean": 0.5979804992827796,
            "test_precision_std": 0.04815529921272732,
            "test_recall_mean": 0.7753623188405797,
            "test_recall_std": 0.09430039547781112,
            "test_f1_mean": 0.6736689314767765,
            "test_f1_std": 0.06065483565196909,
            "train_accuracy_mean": 0.7776201331813546,
            "train_f1_mean": 0.7116940746411958,
            "fold_f1_scores": [
                0.7,
                0.6071428571428571,
                0.7169811320754716,
                0.6792452830188679,
                0.7017543859649122,
                0.6666666666666666,
                0.6909090909090909,
                0.5416666666666666,
                0.7777777777777778,
                0.6545454545454545
            ]
        },
        "Decision Tree": {
            "test_accuracy_mean": 0.7324748490945674,
            "test_accuracy_std": 0.05685649618201472,
            "test_precision_mean": 0.5839058688699467,
            "test_precision_std": 0.07638510442063619,
            "test_recall_mean": 0.7365942028985506,
            "test_recall_std": 0.07776868176775366,
            "test_f1_mean": 0.6497519460159275,
            "test_f1_std": 0.06992684178002388,
            "train_accuracy_mean": 0.8098631191633171,
            "train_f1_mean": 0.7520380993011037,
            "fold_f1_scores": [
                0.7241379310344828,
                0.5818181818181818,
                0.7450980392156863,
                0.6206896551724138,
                0.6909090909090909,
                0.6938775510204082,
                0.68,
                0.5,
                0.6538461538461539,
                0.6071428571428571
            ]
        },
        "Random Forest": {
            "test_accuracy_mean": 0.7639034205231388,
            "test_accuracy_std": 0.03939175372548698,
            "test_precision_mean": 0.6350209235209234,
            "test_precision_std": 0.06321122977546077,
            "test_recall_mean": 0.7204710144927536,
            "test_recall_std": 0.0536736567244209,
            "test_f1_mean": 0.6728371877178965,
            "test_f1_std": 0.044960662624460454,
            "train_accuracy_mean": 0.9342497050412943,
            "train_f1_mean": 0.9071866585625885,
            "fold_f1_scores": [
                0.6785714285714286,
                0.6071428571428571,
                0.75,
                0.6530612244897959,
                0.6538461538461539,
                0.6956521739130435,
                0.68,
                0.64,
                0.7450980392156863,
                0.625
            ]
        },
        "AdaBoost": {
            "test_accuracy_mean": 0.736841046277666,
            "test_accuracy_std": 0.03939023778454117,
            "test_precision_mean": 0.582422354685163,
            "test_precision_std": 0.043718543626811504,
            "test_recall_mean": 0.7630434782608696,
            "test_recall_std": 0.0893679820230941,
            "test_f1_mean": 0.6592373000970356,
            "test_f1_std": 0.05740228728509743,
            "train_accuracy_mean": 0.7681322114903913,
            "train_f1_mean": 0.7008125717672486,
            "fold_f1_scores": [
                0.7241379310344828,
                0.631578947368421,
                0.6545454545454545,
                0.52,
                0.7142857142857143,
                0.6666666666666666,
                0.7037037037037037,
                0.6206896551724138,
                0.6530612244897959,
                0.7037037037037037
            ]
        },
        "Gaussian NB": {
            "test_accuracy_mean": 0.748169014084507,
            "test_accuracy_std": 0.05735890238331669,
            "test_precision_mean": 0.6029360341590597,
            "test_precision_std": 0.078694624279529,
            "test_recall_mean": 0.7454710144927537,
            "test_recall_std": 0.09764559973955927,
            "test_f1_mean": 0.6648521380222745,
            "test_f1_std": 0.07850673707202863,
            "train_accuracy_mean": 0.7520149679044934,
            "train_f1_mean": 0.6741386269602625,
            "fold_f1_scores": [
                0.711864406779661,
                0.5660377358490566,
                0.7843137254901961,
                0.6274509803921569,
                0.6785714285714286,
                0.7346938775510204,
                0.6666666666666666,
                0.52,
                0.7407407407407407,
                0.6181818181818182
            ]
        },
        "XGBoost": {
            "test_accuracy_mean": 0.7538028169014085,
            "test_accuracy_std": 0.04560220908540045,
            "test_precision_mean": 0.6083972022601055,
            "test_precision_std": 0.05708776321913405,
            "test_recall_mean": 0.7628623188405796,
            "test_recall_std": 0.0775753744487061,
            "test_f1_mean": 0.6752655180498845,
            "test_f1_std": 0.05777437539564203,
            "train_accuracy_mean": 0.8174435579018937,
            "train_f1_mean": 0.758132749217753,
            "fold_f1_scores": [
                0.75,
                0.6666666666666666,
                0.7307692307692307,
                0.6,
                0.6666666666666666,
                0.6530612244897959,
                0.72,
                0.5925925925925926,
                0.7547169811320755,
                0.6181818181818182
            ]
        }
    }
}