{
    "train_test": {
        "Logistic Regression": {
            "accuracy": 0.7169811320754716,
            "precision": 0.5517241379310345,
            "recall": 0.8888888888888888,
            "f1": 0.6808510638297872
        },
        "KNN": {
            "accuracy": 0.7264150943396226,
            "precision": 0.5714285714285714,
            "recall": 0.7777777777777778,
            "f1": 0.6588235294117647
        },
        "SVM": {
            "accuracy": 0.7547169811320755,
            "precision": 0.6,
            "recall": 0.8333333333333334,
            "f1": 0.6976744186046512
        },
        "Decision Tree": {
            "accuracy": 0.6886792452830188,
            "precision": 0.5283018867924528,
            "recall": 0.7777777777777778,
            "f1": 0.6292134831460674
        },
        "Random Forest": {
            "accuracy": 0.7452830188679245,
            "precision": 0.5957446808510638,
            "recall": 0.7777777777777778,
            "f1": 0.6746987951807228
        },
        "AdaBoost": {
            "accuracy": 0.6981132075471698,
            "precision": 0.5370370370370371,
            "recall": 0.8055555555555556,
            "f1": 0.6444444444444445
        },
        "Gaussian NB": {
            "accuracy": 0.7641509433962265,
            "precision": 0.6,
            "recall": 0.9166666666666666,
            "f1": 0.7252747252747253
        },
        "XGBoost": {
            "accuracy": 0.7452830188679245,
            "precision": 0.6,
            "recall": 0.75,
            "f1": 0.6666666666666666
        }
    },
    "cross_validation": {
        "Logistic Regression": {
            "cv_accuracy": 0.7416772151898734,
            "cv_precision": 0.7296846261254755,
            "cv_recall": 0.773076923076923,
            "cv_f1": 0.7494386159537559
        },
        "KNN": {
            "cv_accuracy": 0.8211392405063291,
            "cv_precision": 0.7791377834016433,
            "cv_recall": 0.8964743589743589,
            "cv_f1": 0.833453411459576
        },
        "SVM": {
            "cv_accuracy": 0.7869462025316455,
            "cv_precision": 0.7615718752564051,
            "cv_recall": 0.838397435897436,
            "cv_f1": 0.7967665626014153
        },
        "Decision Tree": {
            "cv_accuracy": 0.7291772151898734,
            "cv_precision": 0.69591384333799,
            "cv_recall": 0.8107051282051282,
            "cv_f1": 0.7472560465667598
        },
        "Random Forest": {
            "cv_accuracy": 0.8173101265822785,
            "cv_precision": 0.8066664540386281,
            "cv_recall": 0.8359615384615384,
            "cv_f1": 0.8196647235603601
        },
        "AdaBoost": {
            "cv_accuracy": 0.7657278481012658,
            "cv_precision": 0.7311608071030953,
            "cv_recall": 0.8437179487179487,
            "cv_f1": 0.7828043615211497
        },
        "Gaussian NB": {
            "cv_accuracy": 0.7341139240506329,
            "cv_precision": 0.7354707250242262,
            "cv_recall": 0.7326282051282051,
            "cv_f1": 0.7320334087605123
        },
        "XGBoost": {
            "cv_accuracy": 0.8047310126582279,
            "cv_precision": 0.7946624585451836,
            "cv_recall": 0.8233333333333335,
            "cv_f1": 0.8078855978360264
        }
    }
}