{
    "train_test": {
        "Logistic Regression": {
            "accuracy": 0.7169811320754716,
            "precision": 0.5517241379310345,
            "recall": 0.8888888888888888,
            "f1": 0.6808510638297872
        },
        "KNN": {
            "accuracy": 0.7547169811320755,
            "precision": 0.5961538461538461,
            "recall": 0.8611111111111112,
            "f1": 0.7045454545454546
        },
        "SVM": {
            "accuracy": 0.7641509433962265,
            "precision": 0.6122448979591837,
            "recall": 0.8333333333333334,
            "f1": 0.7058823529411765
        },
        "Decision Tree": {
            "accuracy": 0.6792452830188679,
            "precision": 0.5238095238095238,
            "recall": 0.6111111111111112,
            "f1": 0.5641025641025641
        },
        "Random Forest": {
            "accuracy": 0.7452830188679245,
            "precision": 0.5957446808510638,
            "recall": 0.7777777777777778,
            "f1": 0.6746987951807228
        },
        "AdaBoost": {
            "accuracy": 0.7358490566037735,
            "precision": 0.5714285714285714,
            "recall": 0.8888888888888888,
            "f1": 0.6956521739130435
        },
        "Gaussian NB": {
            "accuracy": 0.7641509433962265,
            "precision": 0.6037735849056604,
            "recall": 0.8888888888888888,
            "f1": 0.7191011235955056
        },
        "XGBoost": {
            "accuracy": 0.7547169811320755,
            "precision": 0.6041666666666666,
            "recall": 0.8055555555555556,
            "f1": 0.6904761904761905
        }
    },
    "cross_validation": {
        "Logistic Regression": {
            "cv_accuracy": 0.7581170886075949,
            "cv_precision": 0.7406311831219381,
            "cv_recall": 0.8007692307692308,
            "cv_f1": 0.7685983147350683
        },
        "KNN": {
            "cv_accuracy": 0.8225158227848102,
            "cv_precision": 0.7659492041224565,
            "cv_recall": 0.9319871794871795,
            "cv_f1": 0.8402748704257836
        },
        "SVM": {
            "cv_accuracy": 0.8072626582278482,
            "cv_precision": 0.7820083529039025,
            "cv_recall": 0.8535256410256411,
            "cv_f1": 0.8153219452472426
        },
        "Decision Tree": {
            "cv_accuracy": 0.8425949367088608,
            "cv_precision": 0.806851926039134,
            "cv_recall": 0.9042948717948718,
            "cv_f1": 0.8519324437989857
        },
        "Random Forest": {
            "cv_accuracy": 0.8715506329113923,
            "cv_precision": 0.8356699791769063,
            "cv_recall": 0.9269871794871796,
            "cv_f1": 0.8782977839128042
        },
        "AdaBoost": {
            "cv_accuracy": 0.7619462025316455,
            "cv_precision": 0.7185912870071526,
            "cv_recall": 0.8663461538461539,
            "cv_f1": 0.7848327618698075
        },
        "Gaussian NB": {
            "cv_accuracy": 0.7405854430379747,
            "cv_precision": 0.7499140252865464,
            "cv_recall": 0.7303205128205128,
            "cv_f1": 0.7372154134092253
        },
        "XGBoost": {
            "cv_accuracy": 0.8615031645569621,
            "cv_precision": 0.8295230932122803,
            "cv_recall": 0.9143589743589745,
            "cv_f1": 0.8690275994904647
        }
    }
}