{
    "train_test": {
        "Logistic Regression": {
            "accuracy": 0.7264150943396226,
            "precision": 0.559322033898305,
            "recall": 0.9166666666666666,
            "f1": 0.6947368421052632
        },
        "KNN": {
            "accuracy": 0.7830188679245284,
            "precision": 0.6857142857142857,
            "recall": 0.6666666666666666,
            "f1": 0.676056338028169
        },
        "SVM": {
            "accuracy": 0.7641509433962265,
            "precision": 0.6078431372549019,
            "recall": 0.8611111111111112,
            "f1": 0.7126436781609196
        },
        "Decision Tree": {
            "accuracy": 0.6886792452830188,
            "precision": 0.5254237288135594,
            "recall": 0.8611111111111112,
            "f1": 0.6526315789473685
        },
        "Random Forest": {
            "accuracy": 0.7641509433962265,
            "precision": 0.6078431372549019,
            "recall": 0.8611111111111112,
            "f1": 0.7126436781609196
        },
        "AdaBoost": {
            "accuracy": 0.8018867924528302,
            "precision": 0.7027027027027027,
            "recall": 0.7222222222222222,
            "f1": 0.7123287671232876
        },
        "Gaussian NB": {
            "accuracy": 0.7924528301886793,
            "precision": 0.6666666666666666,
            "recall": 0.7777777777777778,
            "f1": 0.717948717948718
        },
        "XGBoost": {
            "accuracy": 0.7547169811320755,
            "precision": 0.625,
            "recall": 0.6944444444444444,
            "f1": 0.6578947368421053
        }
    },
    "cross_validation": {
        "Logistic Regression": {
            "cv_accuracy": 0.6856338028169014,
            "cv_precision": 0.5255440330168184,
            "cv_recall": 0.7246376811594203,
            "cv_f1": 0.6080270177271839
        },
        "KNN": {
            "cv_accuracy": 0.7652313883299798,
            "cv_precision": 0.6652963402266808,
            "cv_recall": 0.6019927536231884,
            "cv_f1": 0.6295575253626204
        },
        "SVM": {
            "cv_accuracy": 0.7367404426559356,
            "cv_precision": 0.5835831803395845,
            "cv_recall": 0.7626811594202898,
            "cv_f1": 0.6602330419200564
        },
        "Decision Tree": {
            "cv_accuracy": 0.7397183098591549,
            "cv_precision": 0.5893987051228512,
            "cv_recall": 0.7719202898550723,
            "cv_f1": 0.6654257593485116
        },
        "Random Forest": {
            "cv_accuracy": 0.7695573440643863,
            "cv_precision": 0.6372751286533266,
            "cv_recall": 0.7335144927536232,
            "cv_f1": 0.6808733311506421
        },
        "AdaBoost": {
            "cv_accuracy": 0.7552917505030181,
            "cv_precision": 0.6612061794414736,
            "cv_recall": 0.5552536231884058,
            "cv_f1": 0.6021758381011384
        },
        "Gaussian NB": {
            "cv_accuracy": 0.7579879275653922,
            "cv_precision": 0.6460068385720561,
            "cv_recall": 0.6092391304347826,
            "cv_f1": 0.6250415529069553
        },
        "XGBoost": {
            "cv_accuracy": 0.7752917505030181,
            "cv_precision": 0.6968582581774129,
            "cv_recall": 0.5853260869565218,
            "cv_f1": 0.6340191141605725
        }
    }
}